Name,Filter,Category,Tags,Text,Status
Личный дневник,"Бесплатно либо очень низкие затраты, Интеллектуально цепляющее, Креативное, Легко начать, Не выходя из дома, Расслабляющее",Другое,"защищённость, самопроявление","Общество считает, что дневник - это для 12летних девочек
Нэт🌝. Дневники годами вели Дарвин, Толстой, Дали, Кафка, да Винчи, Черчилль, Эйнштейн, … Моя база данных доворит, что это не 12-летние девочки

Почему дневник - это круто?
Там можно быть абсолютно собой. Говорить то, что тебе очень хочется сказать, а сказать не кому. Дневник помогает излить душу, обдумать на бумаге и принять решение в важных жизненных вопросах

Плюс, дневник это как написание книги о своей жизни. Если день за днём одно и то же, дневник помогает увидеть и признать проблемы, как следствие ставить цели и делать свою жизнь интересней. Также можешь отлистнуть на годы назад и посмотреть кем ты был(-а)

”Лёня, ты меня уговорил попробовать. Как начать?”
Просто взять тетрадь, написать дату и вылиться (Можно и с телефона в приложении типо Diaro/Daylio). Идеальное время отрефлексировать - перед сном. Чтобы не забывать, клади дневник внутри с ручкой так, чтобы заметить перед сном - например на комод возле кровати. Что записывать? Что для тебя важно - события/ настроение. Если в какой-то день вроде бы нечего сказать. Лучше так и написать “1 января. Вроде бы нечего сказать, но чувствую себя __”. В какие-то дни будет литься как из пушки. В общем кол-во строк по настроению",Done
Химия,"Интеллектуально цепляющее, Креативное, Не выходя из дома",Другое,"защищённость, знания, самопроявление","Превращение одних веществ в другие - это весело

Можешь проверить верно ли это утверждение для тебя посмотрев эти каналы:
https://www.youtube.com/@ChemistryEasy
https://www.youtube.com/@Thoisoi",Done
Бег,"Активное, Вне дома, Легко начать",Игры и спорт,"лидерство, приключенчество","Бег освежает, даёт ощущение кайфа и заряд. Ну а то, что улучшает здоровье и тело это вообще шикардос

[Шикарный видос о том как начать](https://www.youtube.com/watch?v=ggVjbqKxIF8)
После просмотра видео подумай можешь ли с кем-то с знакомых бегать. Если да - напиши им, если нет - спланируй когда будет твоя первая тренировка - продумай где разомнёшься и прокрути в голове по какому пути будешь бегать

Да, в первые разы может быть сложновато - расслабься, почти у всех так. Если ты будешь бегать по 2 раза в неделю, совсем скоро ты афигеешь на сколько стало проще. Прийдёт кайф от ветра и бодрость в течении дня",Done
Шахматы,"Бесплатно либо очень низкие затраты, Интеллектуально цепляющее, Креативное, Легко начать, Не выходя из дома, Соревновательное",Игры и спорт,"знания, приключенчество, самопроявление","Шахматы - шикарная интеллектуальная игра, которой можно радовать себя как играми дома онлайн, так и вживую

Если ещё не знаешь правила игры - [можешь посмотреть тут](https://www.youtube.com/watch?v=F4Jt8f7p_x4&ab_channel=AdMe)

[Советую сразу пойти поиграть.](http://chess.com/ru). Самый популярный сайт в мире для игры в шахматы - http://chess.com. Поиграй пару раз и пойми нравится ли тебе. Сайт подстраивает соперников под твой уровень + после игры говорит где у тебя были хитроумные ходы, а где в следующий раз можно сделать и лучше

Если чувствуешь драйв и хочется играть лучше, то на этом же сайте ты сможешь пройти [уроки по началам стратегии](https://www.chess.com/ru/lessons)
Потом можешь начинать ютуб, это ещё сильнее ускорит твоё развитие. 
Если поймёшь, что хочешь ещё большего, то как вариант можешь играя на chess.com читать книги либо обучения в ютубе",Done
Актёрское мастерство (театр),"Активное, Вне дома, Креативное, Социальное",Исполнительское искусство,"приключенчество, самопроявление, слава","Очень рад, что ты сюда кликнул(а) 🙂
Даже если ты никогда не будешь выступать, это топовая вещь. Люди, которые занимались актёрством, становятся открытей, уверенней, лучше понимают себя и окружающих

Как начать?
Без курсов тут никак. Если у тебя есть знакомые, которые занимались и могут подсказать - отлично. Если нет, гугли “актерское мастерство” + свой город и пойди на пробные. Потом реши по собственным ощущениям, где тебе больше нравится 

Существуют ещё альтернативные формы театра, например Плейбек. Возможно тебе они понравятся больше классического театра",Done
Скейтбординг,"Активное, Вне дома, Расслабляющее",Игры и спорт,"приключенчество, самопроявление, слава","Советую начать с того, чтобы опросить друзей у кого есть скейт. Если есть катающийся друг - шикардос. Можно у него долгануть и попросить, чтобы он помог разобраться. Если нет, тут придётся думать над покупкой. 

Если не собираешься делать трюки - советую пенни борд, они компактные, неубиваемые и лучше других скейтов терпят неровную дорогу. Хочешь делать трюки - классический скейт. 

Знаю, что защита выглядит не по-пацански, но новички регулярно падают и стоит носить налокотники, наколенники и шлем хоть первые полторы недели

Где и как кататься?
Кататься лучше в скейтпарке либо в местах с ровной дорогой. Возможно у тебя есть подходящий парк не далеко от дома. Техника катания [на классическом скейте](https://www.youtube.com/watch?v=uulPzAmu_a4), [на пенниборде](https://www.youtube.com/watch?v=GcCudbg7Ieg)",Done
Бильярд,"Активное, Вне дома, Интеллектуально цепляющее, Креативное, Расслабляющее, Соревновательное, Социальное",Игры и спорт,"приключенчество, самопроявление, слава","Видов бильярда огромное кол-во, но самый популярный в мире - это пул (американский бильярд). Это очень умная и красивая игра

Для начала посмотри [правила](https://www.youtube.com/watch?v=2D_9mJvU0GM&ab_channel=%D0%9C%D0%BE%D1%81%D0%BA%D0%BE%D0%B2%D1%81%D0%BA%D0%B0%D1%8F%D0%90%D0%BA%D0%B0%D0%B4%D0%B5%D0%BC%D0%B8%D1%8F%D0%91%D0%B8%D0%BB%D1%8C%D1%8F%D1%80%D0%B4%D0%B0), если в них не уверен(-а). Потом посмотри в гугл картах ближайшую к дому бильярдную, в идеале посмотреть по картинкам/позвонить спросить есть ли у них стол для пула. Часто бывают заведения с советским “Русским бильярдом”. Вот эта порнография нам абсолютно не нужна

Когда место найдено - зови кого-то с друзей, кому будет прикольно попробовать и вперёд. Часто пул становится еженедельной дружеской традицией - встретиться, пообщаться за жизнь и пойти поиграть. Рекомендую играть 1 на 1, в случае бильярда это интересней, чем командой

Если стало понятно, что пул нравится и хочется в нём развиваться, [рекомендую этот канал](https://www.youtube.com/playlist?list=PLH9d4KFY28XvXZ9aZvLZTmCEq7pw7pPUz)
Плюс можно смотреть [крутейшие моменты с чемпионатов мира](https://www.youtube.com/watch?v=QfKEyPtbVas&ab_channel=genipool)",Done
Медитация,"Бесплатно либо очень низкие затраты, Легко начать, Не выходя из дома, Расслабляющее",Другое,"защищённость, самопроявление","Вопрос №1 - зачем?))))
Я атеистически настроенный бот, поэтому расскажу по факту: медитация помогает прокачать осознанность своих действий. Попрактиковавшись ты начнёшь чаще в жизни замечать как себя накручиваешь, на автомате делаешь то, чего не хочешь. А когда будешь чаще замечать, станешь меньше делать. И жизнь станет чуть лучше

Ещё из плюсов: улучшается сон, консентрацию, узбогаиваешься если был стресс и помогает быстрее отдохнуть

Как делать?
Сядь/ляжь в удобное положение. Закрой глаза и погнали)
Тебе нужно стараться чувствовать как воздух входит/выходит с носа. Сконцентрируйся на этом ощущении стенок ноздрей и теперь время считать. Чувствуешь вдох, чувствуешь выдох. “Один”. Чувствуешь вдох, чувствуешь выдох. “Два”

И так до изначально выставленного числа. Можно начать с 15, потом до 30/45/…

""Эммм, неужели всё так просто?""
Если попробуешь сделать хоть до 15, увидишь, что это просто пипец сложно. В голову из ниоткуда сразу начинают налетаться всякие всякие другие мысли. Подмечай их: ""Семь… Опа, только что я подумал об \_\_\_"". После того как себя запалишь - дай прилетевшей тебе мысли улететь и считай циклы воздуха дальше

Когда досчитаешь до установленного числа открывай глаза. Теперь ты скорее всего чувствуешь себя свежачком
Попробуй прям щас. Удели 3 минуты, чтобы понять что это такое.

Когда медитировать? Можешь поставить себе будильник на определённое время дня например в 15:00 и поставить себе привычку в это время считать например до 50. Либо если у тебя интелектуальная работа, от которой часто мозги плавятся, приучи себя когда чувствуешь что мозг не работает Медитировать до 20. Суперпупер будет помогает.",Done
Готовка,"Креативное, Легко начать, Не выходя из дома, Социальное",Искусство и мастерение,"защищённость, помогахерство, самопроявление","Кулинария - крайне многообразное и вкусное занятие

Если не знаешь с чего начать - листай кулинарные каналы и пробуй - https://www.youtube.com/@oblomoffood
Канал самого известного повара в мире Гордона Рамзи (есть субтитрый на англиканском) - https://www.youtube.com/@gordonramsay/videos

Рассказывать тут нечего. Подумай чего бы тебе хотелось и вперёд в бой по обучениям с интернета",Done
Электроника,"Интеллектуально цепляющее, Креативное, Не выходя из дома",Искусство и мастерение,"защищённость, знания","Электроника поможет понять как работают все волшебные электрические вещи вокруг и чинить их. Плюс самому изобретать приборы, упрощающие жизнь, и делая её прикольней

Для подобных вещей нужны базовые знания в электронике, которые можно получить за одну-две недели, и стремление к созданию вещей. А если вы будете делать это на базе Arduino не помешали бы базовые знания программирования.

Интересный канал, [где человек делает разные проекты](https://www.youtube.com/@AlexGyverShow)
Канал [с роликами по ардуино](https://www.youtube.com/@ArduinoNotes)
Крайне полезный [канал с объяснениями всего и вся](https://www.youtube.com/@radiolubitelTV)",Done
Страйкбол (Airsoft),"Активное, Вне дома, Соревновательное, Социальное",Игры и спорт,"лидерство, приключенчество","test",Done
Вскрывание замков,"Интеллектуально цепляющее, Не выходя из дома",Другое,"защищённость, знания, самопроявление","Люди слишком сильно доверяют замкам, думая, что взлом - дело сложное и долгое. На самом деле замки, которые стоят в ваших дверях скорее всего взламываются за 1-2 минуты 😱
В общем, если вы чуть поиграетесь с замками, то научитесь правильно их выбирать для себя и своей семьи

Чтобы понять как это всё работает нужно купить “прозрачный замок с отмычками” [типо такого](https://rozetka.com.ua/350254512/p350254512/?utm_l=r&gclid=Cj0KCQiAofieBhDXARIsAHTTldrZhMkT7rGDNqcHVHYAZWFoaN_feUS2IPldX_tQgvsOzBjRYT-PDFgaAnxQEALw_wcB)
В начале можно самостоятельно попытаться догодаться как взламать его отмычками. 
[Либо сразу посмотреть туториал](https://www.youtube.com/watch?v=gTZddvAws9M)

Совсем скоро с тренировкой станет страшно от того что ты понимаешь, что открываешь его всего за 5-7 секунд. Вот тогда [советую смотреть этот канал](https://www.youtube.com/@lockpickinglawyer/videos) и учиться понимать какие замки использовать самому и советовать знакомым",Done
Настольные игры,"Бесплатно либо очень низкие затраты, Интеллектуально цепляющее, Креативное, Не выходя из дома, Расслабляющее, Соревновательное, Социальное",Игры и спорт,"защищённость, лидерство, помогахерство, приключенчество, самопроявление, слава","Существует море настольных игр

С чего же начать?
Идеальный вариант понять что тебе понравится, это подсмотреть как играют другие компании. [Вот очень классное шоу, где знаменитости играют в настолки](https://www.youtube.com/playlist?list=PLg1O2qzquXSN5mjFjuwdRozEKptNPHvDT)

Когда какая-то очень понравится, подумай сможешь ли собрать под неё компанию друзей. Если да - шикардос. Если же не достанет друзей либо друзьям не понравится эта игра - можешь пойти в настольные клубы своего города. Обычно магазины настольных игр организовывают у себя игры по выходным. Там ты можешь познакомиться с множеством приятных людей, с которыми будешь пробовать новые настолки

Как бонус, игры в настолки дают тебе +15% к социальным способностям: научишься лучше распознавать когда тебя пытаются кинуть, договариваться и продумывать будущее",Done
Компьютер (понимание + сборка),"Интеллектуально цепляющее, Не выходя из дома",Другое,"защищённость, знания, помогахерство","Компьютер кажется мистической вещью, почти никто не понимает кто это такой и как он работает. Но на самому деле устройство компьютера крайне простое

Кроме того что это интересно, понимание своего друга компа позволяет лучше с ним обходиться, самостоятельно чинить и улучшать не переплачивая.
Знание различных особенностей поможет не ошибаться в сборке нового пк.

С чего начать?
[Крайне интересный и поучительный канал](https://www.youtube.com/c/ЭтотКомпьютер/videos)
[Развлекательно-познавательный канал, который поможет подобрать детали под бюджет и собрать из них копм](https://www.youtube.com/@KOMPUKTER/videos)",Done
Кубик Рубика,"Бесплатно либо очень низкие затраты, Интеллектуально цепляющее, Легко начать, Не выходя из дома, Соревновательное",Игры и спорт,"защищённость, приключенчество, слава","Обычно люди думают, что собрал кубик и всё, можно ложить на полочку 🌝

Нэт. На самом деле это очень обширное дело: можно стараться совершенствовать свою скорость, можно научиться собирать вслепую, 1-й рукой или вообще положив его перед собой продумать наперёд всю его сборку в минимальное кол-во шагов. 
В общем тут почти каждый сможет найти то, что ему по-приколу

Кубик поможет тебе развить ловкость рук, память и концентрацию на борьбе с собой вчерашним

В начале нужно выбрать куб. Он должен легко крутиться вообще не заедая.
Как найти?
1. Подумай есть ли у кого-то с знакомых и долгани на время
2. Если у знакомых нет - советую купить модель [Guanlong](https://krutygolov.com.ua/product/guanlong?gclid=EAIaIQobChMI7b_Im7Hd_AIVTJBoCR0duwKWEAQYASABEgKAH_D_BwE). Он очень классно крутится, проживёт века и это всё, что тебе нужно

Начинаем:
1. Первое собирание. [Вот хорошая инструкция от чемпиона мира](https://www.youtube.com/watch?v=n6hyCY-TuoU&list=PLghedgfwuoYN-VU94kXFyi-bujBwqEoUp&index=1)
2. Когда собрал в 1 раз, это не конец, а только только начало. Искусство собрать не в том, чтобы собрать куб, а в том, чтобы это сделать быстро и минимальным кол-вом движений. Мировой рекорд - 3 с половиной секунды 

Собирая, включай таймер и развивай скорость. В начале попробуй дойти к тому, чтобы собирать быстрее минуты, потом быстрее 55 секунд. Предела нет)
Задача - с каждым следующим днём стараться быть лучше себя вчерашнего. Это так классно)

3.1 [Продвинутая сборка](https://www.youtube.com/playlist?list=PLNkxn3GUm4UNjuoP5msnYFpUirNXZ7D_s). Если тебе нравится это дело, то время выходить на новый уровень. Тут будет много формул, но если захочешь, ты их запомнишь и сможешь собирать не за 40 секунд, а за 20 или 15 или 5 😯

3.2 Либо моё любимое - мы дошли до того, чтобы собирать куб вслепую!!! Думаю, что ты тоже офигеваешь от такой суперспособности, но тебе это под силу) [Уроки](https://www.youtube.com/watch?v=_zwPy2NTbnQ&list=PL8fmG0NzQKgdUADK82SpV23vdwfQjSxxB&index=1)",Done
Блогинг,"Бесплатно либо очень низкие затраты, Интеллектуально цепляющее, Креативное, Легко начать, Не выходя из дома, Социальное",Другое,"лидерство, помогахерство, самопроявление, слава","Если ты кайфуешь от того, что твои мысли помогают окружающим - блог явно стоит попробовать. Как приятный побочный эффект ты станешь красивей и понятней изьясняться. Плюс лучше разбираться в вопросах, о которых пишешь. А чисто теоретически, твой маленький блог может вырасти во что-то масштабное

”Гуд, хотю попробовать, но о чём писать? Вроде бы не о чем” 
Каждому есть что рассказать, просто иногда это не сразу видно
1. Подумай есть ли у тебя любимая тема, вокруг которой крутятся мысли и разговоры. Если да - попробуй её взять за основу
2. Чаще всего начальная тема не ясна. Если у тебя так - попробуй просто писать о что сегодня целяет, через какое-то время ты увидишь что твоё и полезно людям, а что - нет

Как писать?
Обычно это разбивается на 2 части: собирание идей и их расписывание
1. Заведи себе в телеге личный чат, поставь его в закреп и набрасывай туда в течении дня идеи. Чистил (зубы) и прилетела прикольная вещь - запиши, едешь и тут что-то прилетело - запиши
2. А потом раз в день, например после завтрака садишься и рассписываешь идею и превращаешь её в красоту

Куда постить?
Выбирай то, где сидишь: инста/телега/твиттер/... . Приглашаешь знакомых, которым может быть интересно. Они тебе помогут разобраться как вести блог в начале. А со временем можешь вежливо упоминать себя во всяких тематических пабликах

Также можешь публиковаться в пабликах, где любой человек может опубликовать пост, [типа такого](https://t.me/mysli_vsluh_blog). Через 2 недели ведения блога, рекомендую прочитать [эту статью](https://vas3k.blog/notes/how_to_blog/)",Done
Анализ литературы (литературоведение),"Бесплатно либо очень низкие затраты, Интеллектуально цепляющее, Креативное, Легко начать, Не выходя из дома, Расслабляющее",Искусство и мастерение,"защищённость, знания, самопроявление","Про что на самом деле наши любимые книжки? С этим поможет литературоведение. По сути, анализ литературы - это прикладная психология/ философия, которая помогает лучше понять себя и окружающих

Часто писатели - это люди, которые что-то предчувствуют в обществе раньше учёных и хотят этим поделиться, хотя и не могут сформулировать логически. “Гарри Поттер” например это книжка [про предчувствие 3 мировой и возвращения фашизма](https://www.youtube.com/watch?v=9E1PwM_GVu0&t=2927s&ab_channel=%D0%9D%D0%BE%D0%B2%D0%B0%D1%8F%D0%B3%D0%B0%D0%B7%D0%B5%D1%82%D0%B0)

Лучший литературовед, который может глубоко рассказать про кого-угодно это Дмитрий Быков. Пишете в гугле “дмитрий быков лекции” или дополняете именем/названием книги и с большой вероятностью найдёшь что-то себе интересное
Также есть [Михаил Веллер](https://www.youtube.com/watch?v=yPMm2P1xMag&t=1068s&ab_channel=%D0%9C%D0%B8%D1%85%D0%B0%D0%B8%D0%BB%D0%92%D0%B5%D0%BB%D0%BB%D0%B5%D1%80), кроме его замечательных выступлений на ютубе есть классная книга/аудиокнига Перпендикуляр. С критиками обязательно спорить, они часто вылазят за грани автора и самовлюблённо рассказывают что сами думают, но всё же это интересные и умные собеседники

Насчёт конкретных книг, которые понравились, но остались недоосмысленными можно гуглить статьи типо “Властелин колец смысл”. А если захочется прям ещё большего, можно поискать аннотированные издания книги. “Annotated/ critical edition” означает, что читая книгу какой-то писатель/ критик делал пометки

Начни с того, что послушай разборы книг, которые для тебя остались загадками и хотелось бы обдумать. Если таких нет - читай книжки и слушай критиков",Done
Создание видеоигр,"Бесплатно либо очень низкие затраты, Интеллектуально цепляющее, Креативное, Не выходя из дома",Искусство и мастерение,"самопроявление, слава","Если любишь игры, для тебя будет интересный опыт самостоятельно сделать парочку. Это вообще не так страшно как кажется

Начать нужно с осваивания “движка” (приложения, благодаря которому делается игра). Самый популярный в мире движок - [Unity](https://unity.com/ru) и проходи там же туториалы. (Если комп не выдерживает - попробуй сделать свою настолку либо исползуй движки по-проще - [construct 3](https://editor.construct.net/))

Когда почувствуешь, что понял(-а) как всё работает - попробуй видоизменять под свой вкус игры с туториалов. А когда окрепнешь - вперёд делать что-то своё. Идеи будут сами приходить. Просто делай то, во что хочется самому(-ой) играть

Со временем, если тебя это дело затянет, можешь научиться рисовать персонажей и разбираться в геймдизайне",Done
Маркетинг,"Бесплатно либо очень низкие затраты, Интеллектуально цепляющее, Креативное, Не выходя из дома, Соревновательное",Другое,"знания, приключенчество, самопроявление, слава","Отличный выбор!
Даже, если ты не планируешь ничего продавать, продавать всегда пытаются тебе. Реклама иногда выглядит очень странно и даже не верится, что она на нас влияет. Но она на нас влияет)

Поэтому в маркетинге стоит начинать разбираться не с лайфхаков как инсту рекламировать, а с психологии рекламы, почему она на нас вообще действует

На эту тему 2 шикарных книжки:
Система убеждения - Ник Коленда (эта насыщенней)
Предсказуемая иррациональность. Скрытые силы, определяющие наши решения - Дэн Ариели

Параллельно с чтением у тебя теперь появляется весёлое занятие - пытайся рекламу, на которую ты раньше не обращал(-а) внимания (бигборды, вывески, реклама на сайтах, в ютубе), тщательно анализировать и пытаться понять почему её сделали именно так

Если тебе понравятся основы маркетинга, сможешь пойти вглубь и смотреть каналы/ читать блоги на эти темы",Done
Жонглирование,"Активное, Бесплатно либо очень низкие затраты, Креативное, Не выходя из дома, Расслабляющее, Соревновательное",Исполнительское искусство,"приключенчество, самопроявление, слава","Весёлое трикстерсое занятие)

Найди/купи 3 теннисных мяча, их тебе хватит для жонглирования на очень очень долго, так как трюков даже с 3 мячами огромное кол-во. (Если хочешь прям сейчас уже попробовать, то можешь свернуть 3 носка в клубочки.) Начни с [этого урока](https://www.youtube.com/watch?v=m9NdhxGxzD4&ab_channel=WIRED)

У профессионалов всё выглядит легко и плавно, но как ты скоро убедишься, жонглировать не легко. Переходи к следующим упражнениям, когда хорошо натренированы предидущие. Лучший метод, чтобы не забить - держать мячи на видном месте, чтобы хватать их время от времени и тренероваться по 10 минут. Через пару дней это принесёт результаты. Также первое время шары будут падать на пол, советую учиться жонглировать над диваном/кроватью, чтобы быстро подымать мячи

Плюс посмотри выступления топовых жонглёров: [1](https://www.youtube.com/watch?v=XKRrfAzdpW8&ab_channel=hiandras), [2](https://www.youtube.com/watch?v=0rqeR-iLKYA&ab_channel=KumaFilms), [3](https://www.youtube.com/watch?v=YtGNxp4mvoM&ab_channel=YouMoreTv-Espect%C3%A1culo). Возможно освоив жонглирование шарами тебе захочется попробовать другие вещи",Done
Астрономия,"Вне дома, Не выходя из дома, Расслабляющее",Другое,"защищённость, знания","Хотя все Америки открыты, а до покорения звёзд далеко, в нас есть дух первооткрывательства и иногда хочется взглядуть туда далеко

[Советую начать с этого канала](https://www.youtube.com/channel/UCEBfCZwWKn4JzCKojL75B-Q)

Если почувствуешь, что хочется своими глазами находить и рассматривать звёзды, советую [эту статью](https://medium.com/@pashaXVI/%D1%81-%D1%87%D0%B5%D0%B3%D0%BE-%D0%BD%D0%B0%D1%87%D0%B0%D1%82%D1%8C-%D1%83%D0%B2%D0%BB%D0%B5%D1%87%D0%B5%D0%BD%D0%B8%D0%B5-%D0%B0%D1%81%D1%82%D1%80%D0%BE%D0%BD%D0%BE%D0%BC%D0%B8%D0%B5%D0%B9-71151e2e6c9a)",Done
Гитара,"Креативное, Не выходя из дома, Расслабляющее, Социальное",Исполнительское искусство,"защищённость, самопроявление, слава","Оооооо, уважаю за выбор\)

Как начать?
Скорее всего у тебя есть хотя бы 1 знакомый, у которого можно попросить гитару на время. Если да - отлично, если нет, но хочется - нужно подумать о покупке (разбираться прийдётся самостоятельно, так как гитара - вещь очень индивидуальная)

Как настроить?
Скачай Guitar Tuner - это замечательное приложение поможет быстро и безошибочно настроить инструмент

Ну что - погнали?\)
Замечательные уроки - https://www.youtube.com/playlist?list=PLsr4InzR8HwVuo0bzVH1SiGBgHeC_PlGz

Да, в начале будет тяжко. Так у всех, но спустя пару недель пальцы будут чувствовать себя всё лучше и лучше. Когда почувствуешь себя более ли менее уверенно, начинай учить любимые песни и мелодии

Держи гитару всегда на виду, чтобы в свободное время брать и поигрывать по 10-15 минут, это очень ускорит развитие. Если почувствуешь, что хочется, чтобы кто-то подкорректировал игру - можно пойти к учителю в своём городе",Done
Каллиграфия,"Бесплатно либо очень низкие затраты, Креативное, Легко начать, Не выходя из дома, Расслабляющее",Искусство и мастерение,"защищённость, помогахерство, самопроявление","Подписывание открыток и подарков делает их ещё более душевными и значимыми

Для начала возьми чем тебе удобней писать (ручка/маркер/карандаш) и потренируйся [базе](https://www.youtube.com/watch?v=i44Sm3ekTKQ&ab_channel=LoveCalligraphy). После выбирай какие шрифты и надписи [тебе больше нравятся и повторяй их](https://www.youtube.com/watch?v=--EPDAlyDZg&ab_channel=AmandaRachLee). Советую скринить и фотографировать понравившиеся",Done
Рисование,"Бесплатно либо очень низкие затраты, Креативное, Легко начать, Не выходя из дома, Расслабляющее",Искусство и мастерение,"защищённость, самопроявление","Наверняка ты уже когда-то пытался рисовать, но что-то застопорило. Обычно так происходит, когда мы учимся “правильным” методом осваивая кучище неинтересной базы и только потом приступая к тому, что бы нам хотелось

Оптимально сейчас подумать что бы хотелось нарисовать и найти в ютубе урок конкретно по этой картинке. Так сразу будет получаться, а базу по всяким композициям можно в будущем при желании освоить. В начале попробуй найти канал, на котором такие рисунки, которые тебе хочется рисовать самому и рисовать",Done
Танцы,"Активное, Бесплатно либо очень низкие затраты, Вне дома, Креативное, Легко начать, Не выходя из дома, Расслабляющее, Социальное",Исполнительское искусство,"приключенчество, самопроявление","Как попробовать себя в танцах?

Вариант 1 - прогуглить и пойти на курсы в своём городе. Главный минус в том, что люди которые ходят на танцы в среднем уже занимались ими лет 6 и ты с подсознательно будешь сравнивать себя с ними и испытывать дискомфорт

Вариант 2 - в свободное время включать музыку, которая тебе нравится и интуитивно танцевать под неё. В начале можно просто качать головой под бит, пока не почувствуешь что готова танцевать всем телом. Плюс можно смотреть туториалы на ютубе и пробовать новые движения

Дисклеймер: перед танцами стоит пару минут размяться, чтобы тело было готово ",Done
Экономика,"Бесплатно либо очень низкие затраты, Интеллектуально цепляющее, Легко начать, Не выходя из дома",Другое,"знания, лидерство","Внутри экономики есть 2 предмета:
до 20 века экономист это был человек, который обсуждал государственный строй и думал как бы было лучше. В 20 веке фокусом стало понимание поведения людей на рынке - почему кока-кола стоит столько-то, а яхта столько-то. Трешак ситуации заключается в том, что экономистами сейчас называют простых бухгалтеров

Из 3 вариантов экономик рекомендую разобраться с первыми двумя

С чего начать?
Было бы хорошо узнать а кто же такие деньги, как они появились и почему эти бумажки имеют значение.
С этим поможет разобраться (аудио)книга ”Государство и деньги: Как государство завладело денежной системой общества”.

Вторую более практическую часть темы даст “Экономист на диване. Экономическая наука и повседневная жизнь” Стивена Ландсбурга

Эти 2 вещи покажут о чём экономика и хочется ли дальше в ней развиваться",Done
Йойо,"Активное, Бесплатно либо очень низкие затраты, Креативное, Не выходя из дома, Расслабляющее, Соревновательное",Другое,"приключенчество, самопроявление, слава","Йо-йо - это по сути жонглирование нашего времени. Многие думают, что всё заканчивается тем чтобы красиво опустить и поднять его на нитке

Нэт) Посмотри [чемпиона мира](https://www.youtube.com/watch?v=-wiNh4LLQzg&list=PLibNZv5Zd0dzvoxXrjA9xNHLpdgLhTkZz&index=39&ab_channel=WIRED)

Если есть завалящий йо-йо, то лучше начни изучать трюки с ним. Но если захочится больше трюков - то нужно будет купить йо-йо для трюков типа “бабочка”. Они стоят от 5 до 20$

[Обучение трюкам от 0 до чемпиона](https://www.youtube.com/watch?v=HeJKz1Cc0mc&t=998s&ab_channel=WIRED)",Done
Битбоксинг,"Бесплатно либо очень низкие затраты, Креативное, Легко начать, Не выходя из дома, Расслабляющее",Исполнительское искусство,"самопроявление, слава","Хочется узнать как битбоксеры излучают качевую музыку исключительно своим ртом?

Вот откличный урок для начала:
https://www.youtube.com/watch?v=Efk_z9kg2MU&list=PLibNZv5Zd0dz-S1M_zimRtPCIQg6Fcd8x&index=14&ab_channel=WIRED
Поигравшись с первыми 3 уровнями, можно искать следующие уроки плюс смотреть лучших битбоксеров - https://www.youtube.com/watch?v=CPKq9sDIs2M&ab_channel=Asia%27sGotTalent
Что удивительно, все битбоксеры уникальны, у каждого из нас уникальный голос и уникальное чувство ритма, поэтому натренеровав основы можно выдумывать свои биты",Done
"Философия ","Бесплатно либо очень низкие затраты, Интеллектуально цепляющее, Креативное, Не выходя из дома, Расслабляющее",Другое,"знания, помогахерство, слава","Философия с древнегреческого переводится как любовь к мудрости. Этот момент имеет ключевое значение философии. Изначально это была всеобьемлющая наука обо всём, но потихоньку от неё откалывались кусочки и ими занимались науки. Что же осталось после всех этих отщупываний?
Любовь к мудрости) То есть интерес к тому как жить так, чтобы чувствовать, что живёшь не зря

Как стартануть?
Тут нужно обратиться к папе философии - Сократу. Этот гениальный человек 2 с половиной тысячи лет назад настолько дельно рассказал своё представление о жизни, что спустя столько времени особо нечего добавить и государственным псевдофилософам приходится сидеть строчить какую-то муть про ""тень диалектического бытия"", так как дополнить Сократа не получится

Так что начни с книжки/аудиокнижки “Воспоминания о Сократе” Ксенофорта

Если захочется что-нибудь ещё такого плана, то можно будет читать Сенеку, Эпиктета
Можно пойти и с другой стороны глобуса и прочитать главную философскую книгу Китая - “Дао дэ цзин” от Лао-цзы. Но если у европейцев будет всё точно и понятно, то в Азии философия абкстрактна и поэтична

Бери на свой вкус, главный критерий выбора автора - чувствуется ли уважение к этому автору как к личности",Done
Кибербезопастность,"Бесплатно либо очень низкие затраты, Интеллектуально цепляющее, Креативное, Легко начать, Не выходя из дома, Соревновательное",Другое,"приключенчество, самопроявление, слава","Мы думаем, что в интернете мы в безопасности, что у нас надёжные пароли, что домашний вай-фай защищён, но по факту это не так

Разбирание в кибербезопастности поможет понять насколько мы незащищены используя технологии и понимать где что как может пойти не так, предохраняясь от неприятных ситуаций

Вот замечательный канал, где хакер показывает как у всех всё взламывает
https://www.youtube.com/@overbafer1

Если захочется самостоятельно пощупать как это работает, то есть замечательные англоязычные сайты, которые обьясняют хакинг и защиту от него: https://www.hacker101.com/start-here/ https://tryhackme.com// https://www.hackthebox.com/",Done
Баскетбол,"Активное, Бесплатно либо очень низкие затраты, Вне дома, Интеллектуально цепляющее, Соревновательное, Социальное",Игры и спорт,"лидерство, приключенчество, слава",Правила -[ https://www.youtube.com/watch?v=wYjp2zoqQrs&ab_channel=NinhLy],Done
Дартс,"Активное, Бесплатно либо очень низкие затраты, Вне дома, Не выходя из дома, Расслабляющее, Соревновательное, Социальное",Игры и спорт,"приключенчество, слава","Дартс крайне популярен с пабах Англии, США, но не стоит списывать его на простую игру

При таком минимализме движений на главные позиции выходит техника и способность психически держаться продолжая верить в себя

[Правила и история игры](https://www.youtube.com/watch?v=7uFulilgL3Q&ab_channel=GalileoRU)

Где же поиграть?
Наверняка в нескольких пабах твоего города есть дартс. Нужно о них узнать и пойти поиграть с друзьями. Если станет понятно, что хочется продолжать - можно скинуться и купить доску с дротиками

Тренировки
Если поставить в комнате, то можно проходя мимо тренероваться по 10 минут в день. В интернете можно найти много хороших видео и [статей по технике и тренbровкам](https://cubes.in.ua/ua/pravilnaya-tehnika-broska-v-darts-kak-trenirovatsya/)

Дальнейшее развитие - в дартсе правила “501” это лишь самый популярный вариант игры, есть ещё огромное кол-во, которые можно попробовать. Также со временем можно попробовать пойти на турниры, если того захочется",Done
3D-моделирование (+ печать),"Интеллектуально цепляющее, Креативное, Не выходя из дома",Искусство и мастерение,"знания, самопроявление","3Дмоделирование позволяет тебе стать мини-заводом. Можно создавать очень много чего для себя и знакомых: спроектировать мебель идеальную для своего дома, можно свои настольные игры/дополнения, тут каждый ограничивается своими пожеланиями

Печать популярна, в каждом городе есть по 2-3 3д шопа для покупки пластика и принтера.
Есть два вида принтеров FDM и SLA:FDM - наиболее популярный и дешёвый
SLA - дорогой, но более точный
Нет смысла покупать 3д принтер, легче просто заказывать смоделированные изделия гугля “3д печать украина”

С 3Дпринтером понятно, а что касается непластмассовых вещей, например хочу сделать под себя стол? Всё очень похоже: на завод даешь размеры деталий указав материал из каталога и тебе качественно изготавливают дощечки, а потом собираешь как конструктор

Не обязательно даже уметь моделировать, можно просто скачивать бесплатные модели с интернета - https://www.thingiverse.com/

А если хочу моделировать?
https://www.thingiverse.com/ - понятный классный сайт для моделирования
https://www.youtube.com/watch?v=Ucs2lRjHbaE

",Done
Велик,"Активное, Вне дома, Расслабляющее",Игры и спорт,"приключенчество, слава","Супер)
Велосипед - это не только быстрое средство передвижения, но и здоровый образ жизни и мощный источник адреналина. Достань свой велик/ выпроси у кого-то с знакомых, выбери удобную малолюдную трассу и вперёд. [Гайд по важным моментам](https://xage.ru/velosport-rukovodstvo-dlya-nachinayuschih/)

Со временем, если станет понятно, что хочется развиваться, то можно смотреть в ютубе уроки по технике и подключиться к местной группе любителей покататься",Done
Скручивание воздушных шаров 🤡,"Бесплатно либо очень низкие затраты, Вне дома, Креативное, Не выходя из дома, Расслабляющее",Исполнительское искусство,"помогахерство, самопроявление, слава","Да, это специфическое занятие, но возможно тебе хочется попробовать. Особенно, если любишь детей и будешь рад их порадовать 

[Обучение](https://ru.wikihow.com/%D0%BC%D0%BE%D0%B4%D0%B5%D0%BB%D0%B8%D1%80%D0%BE%D0%B2%D0%B0%D1%82%D1%8C-%D0%B6%D0%B8%D0%B2%D0%BE%D1%82%D0%BD%D1%8B%D1%85-%D0%B8%D0%B7-%D0%B2%D0%BE%D0%B7%D0%B4%D1%83%D1%88%D0%BD%D1%8B%D1%85-%D1%88%D0%B0%D1%80%D0%B8%D0%BA%D0%BE%D0%B2). Шары можно купить в карнавальном магазе/сайте. Называются “шары для моделирования” + хорошо бы купить за 1-2$ насосик, чтобы в рот ничего не попадало

Из шариков можно сделать не только собачку. Есть невероятное кол-во вариантов. [Классный канал с большим кол-вом обьяснений](https://www.youtube.com/@Balloonanimals1)",Done
Покер,"Бесплатно либо очень низкие затраты, Интеллектуально цепляющее, Креативное, Легко начать, Не выходя из дома, Соревновательное, Социальное",Игры и спорт,"приключенчество, слава","Человек, не разбирающийся в покере считает покер игрой на удачу. Как же это далеко от правды)))

Покер интеллектуально намного сложнее шахмат, в нём недостаточно просчётов и знаний комбинаций, огромное значение имеет понимание человеческой природы и умение её применять

[Правила](https://www.youtube.com/watch?v=JLAi4XxF6dk&ab_channel=%D0%9F%D0%BE%D0%BA%D0%B5%D1%80%D1%81%D1%82%D1%80%D0%B8%D0%BC%D1%8B%D0%BE%D1%82Cardmates)
Для закрепления правил советую скачать на телефон любую бесплатную покерную игру, где фишки не стоят денег. Со временем можно позвать друзей вживую поиграть, объяснив им правила. Если увлечёшься, то начнёшь смотреть уроки на ютубе. Надеюсь тебе понравится эта замечательная игра, но настоящие деньги советую не ставить",Done
Язык жестов,"Бесплатно либо очень низкие затраты, Интеллектуально цепляющее, Легко начать, Не выходя из дома, Социальное",Другое,"знания, помогахерство","В этом мире более 70 миллионов глухих хороших людей. Возможно у тебя есть такие знакомые и тебе бы хотелось без переводчика общаться с ними. А возможно тебе просто интересно посмотреть как работает язык жестов

Тут есть одна сложность - существует более 300 языков жестов 🤯
Если у тебя глухой знакомый - спроси какой из языков тебе учить
Если же интересно чисто для себя - можно взять International Sign - международный язык жестов

Как учить? Просто открывай уроки по языку в ютубе/ТикТоке и во время просмотра видео повторяй руками, чтобы запоминать, очень многие слова быстро запомнятся, так как интуитивны и играя в крокодила ты бы делал(-а) также",Done
Нейробиология (Как работает мозг),"Бесплатно либо очень низкие затраты, Интеллектуально цепляющее, Не выходя из дома, Расслабляющее",Другое,"защищённость, знания","Наши мозги - удивительно сложные строения, в которых хранятся все наши чувства, знания да и наша личность, то есть мы сами 🙂

Но как мозг работает? Из чего состоит? Чем мы ему вредим, а чем можем помогать? В этом и поможет разобраться нейробиология. Номер 1 в этой теме - Вячеслав Дубынин. Можно смотреть его самые простые популярные видео, можно плейлисты для продвинутых, а если совсем захочется вкапаться, то можно посмотреть его лекции для студентов нейробиологов

[Начать можно от сюда например](https://www.youtube.com/watch?v=Oqt6TWvaeew&ab_channel=%D0%93%D0%BB%D0%B5%D0%B1%D0%A1%D0%BE%D0%BB%D0%BE%D0%BC%D0%B8%D0%BD)
или [про сон послушать](https://www.youtube.com/watch?v=u-nyDCGcJ3M&ab_channel=%D0%93%D1%80%D1%83%D0%BF%D0%BF%D0%B0%D0%9A%D0%BE%D0%BC%D0%BF%D0%B0%D0%BD%D0%B8%D0%B9%D0%AD%D0%A4%D0%9A%D0%9E)",Done
Фехтование/ LARP,"Активное, Вне дома, Соревновательное, Социальное",Игры и спорт,"лидерство, приключенчество, слава","Ух ты
Серьёзное заявление)

Глобально, фехтование бывает [спортивное (там где набивание очков)](https://www.youtube.com/watch?v=D-3zbKHsI0g&ab_channel=%D0%A4%D0%B5%D1%85%D1%82%D0%BE%D0%B2%D0%B0%D0%BD%D0%B8%D0%B5%D0%94%D0%BD%D0%B5%D0%BF%D1%80) и историческое (как на самом деле бились). Если тебе хочется спорта - нужно поискать в своём городе секцию и пойти на спортивное. Если хочется именно [реалистичного фехтования](https://www.youtube.com/watch?v=xYxQR5haqTs&ab_channel=BuhurtTech) (или псевдореалистичного) то тут тебе будут интересны LARP (ролевые игры за рыцарей, пиратов, фентези, …)

[Вот топовый канал киевлянина, на котором есть всё о LARP](https://www.youtube.com/watch?v=R3hYfY0pRoU&ab_channel=Ролевойвестник) (основы фехтования, как найти команды да и как смастерить себе безопасные красивые мячи и броню)

Если в твоём городе не окажется никакой фехтовальной движухи, что вполне вероятно, то можно просто купить 2 меча для тренировки фехтованию (они мягкие) и безопасно рубиться с друзьями как хочется. Стоят они от 5 до 20$ и можно легко передарить. Если вам с друзьями понравится, можете учить с ютуба технику (стилей много, поэтому конкретный канал советовать не буду)",Done
Канатоходство (Слэклайн),"Активное, Вне дома, Расслабляющее, Соревновательное",Игры и спорт,"лидерство, приключенчество","Любил(-а) в детстве ходить по бордюрам?)
Если да, советую попробовать то же, только уже на более серьёзном уровне - слэклайн. Это канат, который удобно зацепить между двумя деревьями в парке и тренироваться. Бывают 15 и 25м. Стоят до 100$, но неубиваемая вещь, которую можно брать с друзьями на пикники 

[Инструкция по установке и обучение канатоходству](https://www.youtube.com/watch?v=dhoHwWhG4P8&ab_channel=GoProSport)
[Плюс можно посмотреть как выглядит канатоходство на чемпионате мира](https://www.youtube.com/watch?v=4MYQ4M5Z1FQ&ab_channel=DannyStrasser)",Done